Zipcode,City,County,State,Country,Timezone
59467,Pendroy,Teton,MT,US,US/Mountain
59722,Deer Lodge,Powell,MT,US,US/Mountain
59843,Helmville,Powell,MT,US,US/Mountain
79849,San Elizario,El Paso,TX,US,US/Mountain
79849-7304,San Elizario,El Paso,TX,US,US/Mountain
79903-4906,El Paso,El Paso,TX,US,US/Mountain
79907-4536,El Paso,El Paso,TX,US,US/Mountain
79907-6526,El Paso,El Paso,TX,US,US/Mountain
79915-2014,El Paso,El Paso,TX,US,US/Mountain
79930-1921,El Paso,El Paso,TX,US,US/Mountain
79930-4922,El Paso,El Paso,TX,US,US/Mountain
79935-2917,El Paso,El Paso,TX,US,US/Mountain
79936-1075,El Paso,El Paso,TX,US,US/Mountain
79936-1505,El Paso,El Paso,TX,US,US/Mountain
79936-7464,El Paso,El Paso,TX,US,US/Mountain
80121-8014,Littleton,Arapahoe,CO,US,US/Mountain
80122-1212,Centennial,Arapahoe,CO,US,US/Mountain
80206-2702,Denver,Denver,CO,US,US/Mountain
80206-3803,Denver,Denver,CO,US,US/Mountain
80209-2125,Denver,Denver,CO,US,US/Mountain
80303-9719,Boulder,Boulder,CO,US,US/Mountain
80305,Boulder,Boulder,CO,US,US/Mountain
80422,Black Hawk,Gilpin,CO,US,US/Mountain
80514-9104,Dacono,Weld,CO,US,US/Mountain
80624-9333,Gill,Weld,CO,US,US/Mountain
80808-9421,Calhan,El Paso,CO,US,US/Mountain
80820,Guffey,Park,CO,US,US/Mountain
80903-3534,Colorado Springs,El Paso,CO,US,US/Mountain
80918-8601,Colorado Springs,El Paso,CO,US,US/Mountain
81050-9254,La Junta,Otero,CO,US,US/Mountain
81321-9399,Cortez,Montezuma,CO,US,US/Mountain
83101,Kemmerer,Lincoln,WY,US,US/Mountain
84015-2420,Clearfield,Davis,UT,US,US/Mountain
84078-2922,Vernal,Uintah,UT,US,US/Mountain
84119-1320,West Valley City,Salt Lake,UT,US,US/Mountain
84123-5336,Salt Lake City,Salt Lake,UT,US,US/Mountain
84129-1426,Taylorsville,Salt Lake,UT,US,US/Mountain
84403-0368,Ogden,Weber,UT,US,US/Mountain
84404-5632,Ogden,Weber,UT,US,US/Mountain
84606,Provo,Utah,UT,US,US/Mountain
84660-4053,Spanish Fork,Utah,UT,US,US/Mountain
85006-2392,Phoenix,Maricopa,AZ,US,US/Mountain
85015-2108,Phoenix,Maricopa,AZ,US,US/Mountain
85016-1802,Phoenix,Maricopa,AZ,US,US/Mountain
85018-4724,Phoenix,Maricopa,AZ,US,US/Mountain
85018-7510,Phoenix,Maricopa,AZ,US,US/Mountain
85018-7514,Phoenix,Maricopa,AZ,US,US/Mountain
85022,Phoenix,Maricopa,AZ,US,US/Mountain
85024-4159,Phoenix,Maricopa,AZ,US,US/Mountain
85033-2201,Phoenix,Maricopa,AZ,US,US/Mountain
85035-2134,Phoenix,Maricopa,AZ,US,US/Mountain
85051-6793,Phoenix,Maricopa,AZ,US,US/Mountain
85120-7498,Apache Junction,Pinal,AZ,US,US/Mountain
85206-1722,Mesa,Maricopa,AZ,US,US/Mountain
85206-5209,Mesa,Maricopa,AZ,US,US/Mountain
85226-2021,Chandler,Maricopa,AZ,US,US/Mountain
85251-3910,Scottsdale,Maricopa,AZ,US,US/Mountain
85253-5413,Paradise Valley,Maricopa,AZ,US,US/Mountain
85257-2313,Scottsdale,Maricopa,AZ,US,US/Mountain
85258-5061,Scottsdale,Maricopa,AZ,US,US/Mountain
85302-4639,Glendale,Maricopa,AZ,US,US/Mountain
85303-1721,Glendale,Maricopa,AZ,US,US/Mountain
85304-3119,Glendale,Maricopa,AZ,US,US/Mountain
85339-2838,Laveen,Maricopa,AZ,US,US/Mountain
85701-3224,Tucson,Pima,AZ,US,US/Mountain
85711-3208,Tucson,Pima,AZ,US,US/Mountain
85711-6728,Tucson,Pima,AZ,US,US/Mountain
85713-6122,Tucson,Pima,AZ,US,US/Mountain
85715-4061,Tucson,Pima,AZ,US,US/Mountain
85716-2159,Tucson,Pima,AZ,US,US/Mountain
85719-1035,Tucson,Pima,AZ,US,US/Mountain
85719-1111,Tucson,Pima,AZ,US,US/Mountain
85745-2626,Tucson,Pima,AZ,US,US/Mountain
85746-8292,Tucson,Pima,AZ,US,US/Mountain
85746-9196,Tucson,Pima,AZ,US,US/Mountain
85748-6608,Tucson,Pima,AZ,US,US/Mountain
87106-1411,Albuquerque,Bernalillo,NM,US,US/Mountain
87107-4944,Albuquerque,Bernalillo,NM,US,US/Mountain
87111-3406,Albuquerque,Bernalillo,NM,US,US/Mountain
87114-5206,Albuquerque,Bernalillo,NM,US,US/Mountain
88260-3810,Lovington,Lea,NM,US,US/Mountain
79907-6233,El Paso,El Paso,TX,US,US/Mountain
79915-4126,El Paso,El Paso,TX,US,US/Mountain
79927-2507,El Paso,El Paso,TX,US,US/Mountain
79936-7240,El Paso,El Paso,TX,US,US/Mountain
80023-9305,Broomfield,Broomfield,CO,US,US/Mountain
80219-2007,Denver,Denver,CO,US,US/Mountain
80219-3243,Denver,Denver,CO,US,US/Mountain
80221-1006,Denver,Denver,CO,US,US/Mountain
80221-3039,Denver,Adams,CO,US,US/Mountain
80237-2401,Denver,Denver,CO,US,US/Mountain
80301,Boulder,Boulder,CO,US,US/Mountain
80504-9583,Longmont,Weld,CO,US,US/Mountain
80903-1213,Colorado Springs,El Paso,CO,US,US/Mountain
80903-2653,Colorado Springs,El Paso,CO,US,US/Mountain
80906-4216,Colorado Springs,El Paso,CO,US,US/Mountain
80907-4211,Colorado Springs,El Paso,CO,US,US/Mountain
80907-6827,Colorado Springs,El Paso,CO,US,US/Mountain
81039-9611,Fowler,Pueblo,CO,US,US/Mountain
82604,Casper,Natrona,WY,US,US/Mountain
83349-5515,Richfield,Lincoln,ID,US,US/Mountain
83655-5271,New Plymouth,Payette,ID,US,US/Mountain
84015-2370,Clearfield,Davis,UT,US,US/Mountain
84042-1684,Lindon,Utah,UT,US,US/Mountain
84082,Wallsburg,Wasatch,UT,US,US/Mountain
84109-1371,Salt Lake City,Salt Lake,UT,US,US/Mountain
84120-3303,West Valley City,Salt Lake,UT,US,US/Mountain
84329,Park Valley,Box Elder,UT,US,US/Mountain
84403-0312,Ogden,Weber,UT,US,US/Mountain
84404-5444,Ogden,Weber,UT,US,US/Mountain
85007-3204,Phoenix,Maricopa,AZ,US,US/Mountain
85008-3016,Phoenix,Maricopa,AZ,US,US/Mountain
85009-1240,Phoenix,Maricopa,AZ,US,US/Mountain
85009-1611,Phoenix,Maricopa,AZ,US,US/Mountain
85009-2819,Phoenix,Maricopa,AZ,US,US/Mountain
85021-2129,Phoenix,Maricopa,AZ,US,US/Mountain
85033-5854,Phoenix,Maricopa,AZ,US,US/Mountain
85034-4201,Phoenix,Maricopa,AZ,US,US/Mountain
85034-6808,Phoenix,Maricopa,AZ,US,US/Mountain
85035-1944,Phoenix,Maricopa,AZ,US,US/Mountain
85043-3921,Phoenix,Maricopa,AZ,US,US/Mountain
85120-3805,Apache Junction,Pinal,AZ,US,US/Mountain
85224-3660,Chandler,Maricopa,AZ,US,US/Mountain
85224-4338,Chandler,Maricopa,AZ,US,US/Mountain
85255-6455,Scottsdale,Maricopa,AZ,US,US/Mountain
85256-5306,Scottsdale,Maricopa,AZ,US,US/Mountain
85282-2855,Tempe,Maricopa,AZ,US,US/Mountain
85303-6114,Glendale,Maricopa,AZ,US,US/Mountain
85339-3474,Laveen,Maricopa,AZ,US,US/Mountain
85382-3870,Peoria,Maricopa,AZ,US,US/Mountain
85641-9303,Vail,Pima,AZ,US,US/Mountain
85710-5753,Tucson,Pima,AZ,US,US/Mountain
85713-5608,Tucson,Pima,AZ,US,US/Mountain
85719-5745,Tucson,Pima,AZ,US,US/Mountain
85746-6519,Tucson,Pima,AZ,US,US/Mountain
85748-1918,Tucson,Pima,AZ,US,US/Mountain
85749-8411,Tucson,Pima,AZ,US,US/Mountain
85929-5898,Lakeside,Navajo,AZ,US,US/Mountain
87025,Jemez Springs,Sandoval,NM,US,US/Mountain
87108-1701,Albuquerque,Bernalillo,NM,US,US/Mountain
97910-9706,Jordan Valley,Malheur,OR,US,US/Mountain
97914-8225,Ontario,Malheur,OR,US,US/Mountain
97914-8231,Ontario,Malheur,OR,US,US/Mountain
79901-1038,El Paso,El Paso,TX,US,US/Mountain
79902-5318,El Paso,El Paso,TX,US,US/Mountain
79903-2822,El Paso,El Paso,TX,US,US/Mountain
79903-3503,El Paso,El Paso,TX,US,US/Mountain
79907-2410,El Paso,El Paso,TX,US,US/Mountain
79907-5342,El Paso,El Paso,TX,US,US/Mountain
79935-3024,El Paso,El Paso,TX,US,US/Mountain
79936-2913,El Paso,El Paso,TX,US,US/Mountain
79936-7712,El Paso,El Paso,TX,US,US/Mountain
79938-5105,El Paso,El Paso,TX,US,US/Mountain
80007-8209,Arvada,Jefferson,CO,US,US/Mountain
80033-2712,Wheat Ridge,Jefferson,CO,US,US/Mountain
80113-2603,Englewood,Arapahoe,CO,US,US/Mountain
80204-3163,Denver,Denver,CO,US,US/Mountain
80209-2535,Denver,Denver,CO,US,US/Mountain
80223-1150,Denver,Denver,CO,US,US/Mountain
80227-3719,Denver,Denver,CO,US,US/Mountain
80601-1652,Brighton,Adams,CO,US,US/Mountain
80602,Brighton,Adams,CO,US,US/Mountain
80640-8222,Henderson,Adams,CO,US,US/Mountain
80903-4228,Colorado Springs,El Paso,CO,US,US/Mountain
81008-1612,Pueblo,Pueblo,CO,US,US/Mountain
81149,Saguache,Saguache,CO,US,US/Mountain
82240-8467,Torrington,Goshen,WY,US,US/Mountain
84025-2317,Farmington,Davis,UT,US,US/Mountain
84032-3825,Heber City,Wasatch,UT,US,US/Mountain
84067-2909,Roy,Weber,UT,US,US/Mountain
84067-3117,Roy,Weber,UT,US,US/Mountain
84078-9399,Vernal,Uintah,UT,US,US/Mountain
84102,Salt Lake City,Salt Lake,UT,US,US/Mountain
84111-1914,Salt Lake City,Salt Lake,UT,US,US/Mountain
84115-3710,Salt Lake City,Salt Lake,UT,US,US/Mountain
84118,Salt Lake City,Salt Lake,UT,US,US/Mountain
84118-7678,Salt Lake City,Salt Lake,UT,US,US/Mountain
84121-3023,Salt Lake City,Salt Lake,UT,US,US/Mountain
84310-6781,Eden,Weber,UT,US,US/Mountain
84401-3529,Ogden,Weber,UT,US,US/Mountain
84531,Mexican Hat,San Juan,UT,US,US/Mountain
84770-3447,Saint George,Washington,UT,US,US/Mountain
85009-2301,Phoenix,Maricopa,AZ,US,US/Mountain
85009-4508,Phoenix,Maricopa,AZ,US,US/Mountain
85017-1709,Phoenix,Maricopa,AZ,US,US/Mountain
85020-2854,Phoenix,Maricopa,AZ,US,US/Mountain
85032-2250,Phoenix,Maricopa,AZ,US,US/Mountain
85034-7405,Phoenix,Maricopa,AZ,US,US/Mountain
85040-0791,Phoenix,Maricopa,AZ,US,US/Mountain
85043-1105,Phoenix,Maricopa,AZ,US,US/Mountain
85043-2408,Phoenix,Maricopa,AZ,US,US/Mountain
85043-3607,Phoenix,Maricopa,AZ,US,US/Mountain
85043-8031,Phoenix,Maricopa,AZ,US,US/Mountain
85044-5301,Phoenix,Maricopa,AZ,US,US/Mountain
85053-4707,Phoenix,Maricopa,AZ,US,US/Mountain
85225-7832,Chandler,Maricopa,AZ,US,US/Mountain
85248-5500,Chandler,Maricopa,AZ,US,US/Mountain
85256-5800,Scottsdale,Maricopa,AZ,US,US/Mountain
85301-7107,Glendale,Maricopa,AZ,US,US/Mountain
85323,Avondale,Maricopa,AZ,US,US/Mountain
85339-3040,Laveen,Maricopa,AZ,US,US/Mountain
85378-9791,Surprise,Maricopa,AZ,US,US/Mountain
85390-3581,Wickenburg,Maricopa,AZ,US,US/Mountain
85701-1013,Tucson,Pima,AZ,US,US/Mountain
85701-2318,Tucson,Pima,AZ,US,US/Mountain
85705-2263,Tucson,Pima,AZ,US,US/Mountain
85705-7470,Tucson,Pima,AZ,US,US/Mountain
85713-1533,Tucson,Pima,AZ,US,US/Mountain
85715-4900,Tucson,Pima,AZ,US,US/Mountain
85719-5952,Tucson,Pima,AZ,US,US/Mountain
87043,Placitas,Sandoval,NM,US,US/Mountain
87102-3104,Albuquerque,Bernalillo,NM,US,US/Mountain
87109-2312,Albuquerque,Bernalillo,NM,US,US/Mountain
88343,Picacho,Lincoln,NM,US,US/Mountain
79901-2240,El Paso,El Paso,TX,US,US/Mountain
79902-4107,El Paso,El Paso,TX,US,US/Mountain
79904-1102,El Paso,El Paso,TX,US,US/Mountain
79905-2506,El Paso,El Paso,TX,US,US/Mountain
79924-4701,El Paso,El Paso,TX,US,US/Mountain
79925-4307,El Paso,El Paso,TX,US,US/Mountain
79936-2632,El Paso,El Paso,TX,US,US/Mountain
79936-3754,El Paso,El Paso,TX,US,US/Mountain
80020-3505,Broomfield,Broomfield,CO,US,US/Mountain
80112-4009,Englewood,Arapahoe,CO,US,US/Mountain
80123-6685,Littleton,Arapahoe,CO,US,US/Mountain
80204-2609,Denver,Denver,CO,US,US/Mountain
80204-4425,Denver,Denver,CO,US,US/Mountain
80210-3902,Denver,Denver,CO,US,US/Mountain
80210-6025,Denver,Denver,CO,US,US/Mountain
80216-4532,Denver,Denver,CO,US,US/Mountain
80223-3204,Denver,Denver,CO,US,US/Mountain
80232-7254,Lakewood,Jefferson,CO,US,US/Mountain
80233-2808,Thornton,Adams,CO,US,US/Mountain
80238-2829,Denver,Denver,CO,US,US/Mountain
80498,Silverthorne,Eagle,CO,US,US/Mountain
80512,Bellvue,Larimer,CO,US,US/Mountain
80517-8856,Estes Park,Larimer,CO,US,US/Mountain
80621-9310,Fort Lupton,Weld,CO,US,US/Mountain
80631-9644,Greeley,Weld,CO,US,US/Mountain
80651-8323,Platteville,Weld,CO,US,US/Mountain
80754,Stoneham,Weld,CO,US,US/Mountain
80906-4947,Colorado Springs,El Paso,CO,US,US/Mountain
81154-9424,South Fork,Mineral,CO,US,US/Mountain
81324-9413,Dove Creek,Dolores,CO,US,US/Mountain
83655,New Plymouth,Payette,ID,US,US/Mountain
84020-8463,Draper,Salt Lake,UT,US,US/Mountain
84037-1919,Kaysville,Davis,UT,US,US/Mountain
84096-6422,Riverton,Salt Lake,UT,US,US/Mountain
84103-1313,Salt Lake City,Salt Lake,UT,US,US/Mountain
84115-3635,Salt Lake City,Salt Lake,UT,US,US/Mountain
84116-2952,Salt Lake City,Salt Lake,UT,US,US/Mountain
84309-9719,Deweyville,Box Elder,UT,US,US/Mountain
84403-0827,Ogden,Weber,UT,US,US/Mountain
84403-3103,Ogden,Weber,UT,US,US/Mountain
84404-5401,Ogden,Weber,UT,US,US/Mountain
84627-1104,Ephraim,Sanpete,UT,US,US/Mountain
84648-1411,Nephi,Juab,UT,US,US/Mountain
84660,Spanish Fork,Utah,UT,US,US/Mountain
85007-4028,Phoenix,Maricopa,AZ,US,US/Mountain
85009-2040,Phoenix,Maricopa,AZ,US,US/Mountain
85014-1128,Phoenix,Maricopa,AZ,US,US/Mountain
85017-3211,Phoenix,Maricopa,AZ,US,US/Mountain
85034-6735,Phoenix,Maricopa,AZ,US,US/Mountain
85040-2147,Phoenix,Maricopa,AZ,US,US/Mountain
85043-3200,Phoenix,Maricopa,AZ,US,US/Mountain
85142,Queen Creek,Maricopa,AZ,US,US/Mountain
85142-9756,Queen Creek,Maricopa,AZ,US,US/Mountain
85260-6136,Scottsdale,Maricopa,AZ,US,US/Mountain
85262-5166,Scottsdale,Maricopa,AZ,US,US/Mountain
85284-4514,Tempe,Maricopa,AZ,US,US/Mountain
85286-1707,Chandler,Maricopa,AZ,US,US/Mountain
85333,Dateland,Yuma,AZ,US,US/Mountain
85374-9893,Surprise,Maricopa,AZ,US,US/Mountain
85658-4543,Marana,Pima,AZ,US,US/Mountain
85705-5651,Tucson,Pima,AZ,US,US/Mountain
85711-2604,Tucson,Pima,AZ,US,US/Mountain
85711-5206,Tucson,Pima,AZ,US,US/Mountain
85711-5603,Tucson,Pima,AZ,US,US/Mountain
85712-2704,Tucson,Pima,AZ,US,US/Mountain
85742-8162,Tucson,Pima,AZ,US,US/Mountain
86043,Second Mesa,Navajo,AZ,US,US/Mountain
87110-5041,Albuquerque,Bernalillo,NM,US,US/Mountain
87121-2116,Albuquerque,Bernalillo,NM,US,US/Mountain
87122-2807,Albuquerque,Bernalillo,NM,US,US/Mountain
88005,Las Cruces,Do�a Ana,NM,US,US/Mountain
59326,Fallon,Prairie,MT,US,US/Mountain
79902-5502,El Paso,El Paso,TX,US,US/Mountain
79903-2733,El Paso,El Paso,TX,US,US/Mountain
79907-7435,El Paso,El Paso,TX,US,US/Mountain
79924-4411,El Paso,El Paso,TX,US,US/Mountain
79930-4522,El Paso,El Paso,TX,US,US/Mountain
79936-5163,El Paso,El Paso,TX,US,US/Mountain
80016-1304,Aurora,Arapahoe,CO,US,US/Mountain
80130-7104,Highlands Ranch,Douglas,CO,US,US/Mountain
80215-3728,Lakewood,Jefferson,CO,US,US/Mountain
80223-4123,Denver,Denver,CO,US,US/Mountain
80224-3008,Denver,Denver,CO,US,US/Mountain
80504-9538,Longmont,Weld,CO,US,US/Mountain
80513-8238,Berthoud,Larimer,CO,US,US/Mountain
80601-6748,Brighton,Adams,CO,US,US/Mountain
80831-8632,Peyton,El Paso,CO,US,US/Mountain
80909-2720,Colorado Springs,El Paso,CO,US,US/Mountain
80911-1729,Colorado Springs,El Paso,CO,US,US/Mountain
81611,Aspen,Pitkin,CO,US,US/Mountain
82729,Sundance,Crook,WY,US,US/Mountain
83316-5018,Buhl,Twin Falls,ID,US,US/Mountain
83338-6780,Jerome,Jerome,ID,US,US/Mountain
83651-8217,Nampa,Canyon,ID,US,US/Mountain
84025-2554,Farmington,Davis,UT,US,US/Mountain
84067-2937,Roy,Weber,UT,US,US/Mountain
84074-9531,Tooele,Tooele,UT,US,US/Mountain
84084-4006,West Jordan,Salt Lake,UT,US,US/Mountain
84106-2051,Salt Lake City,Salt Lake,UT,US,US/Mountain
84120-2149,West Valley City,Salt Lake,UT,US,US/Mountain
84120-6233,West Valley City,Salt Lake,UT,US,US/Mountain
84403-2158,Ogden,Weber,UT,US,US/Mountain
84403-4313,Ogden,Weber,UT,US,US/Mountain
85006-2748,Phoenix,Maricopa,AZ,US,US/Mountain
85009-5858,Phoenix,Maricopa,AZ,US,US/Mountain
85015-4502,Phoenix,Maricopa,AZ,US,US/Mountain
85017-3332,Phoenix,Maricopa,AZ,US,US/Mountain
85019-1726,Phoenix,Maricopa,AZ,US,US/Mountain
85020-1426,Phoenix,Maricopa,AZ,US,US/Mountain
85021-3132,Phoenix,Maricopa,AZ,US,US/Mountain
85022-5302,Phoenix,Maricopa,AZ,US,US/Mountain
85034-2320,Phoenix,Maricopa,AZ,US,US/Mountain
85281-4600,Tempe,Maricopa,AZ,US,US/Mountain
85284-5107,Tempe,Maricopa,AZ,US,US/Mountain
85302-3033,Glendale,Maricopa,AZ,US,US/Mountain
85307,Glendale,Maricopa,AZ,US,US/Mountain
85353-1353,Tolleson,Maricopa,AZ,US,US/Mountain
85701-1600,Tucson,Pima,AZ,US,US/Mountain
85701-2021,Tucson,Pima,AZ,US,US/Mountain
85701-3005,Tucson,Pima,AZ,US,US/Mountain
85704-3812,Tucson,Pima,AZ,US,US/Mountain
85704-3881,Tucson,Pima,AZ,US,US/Mountain
85704-4332,Tucson,Pima,AZ,US,US/Mountain
85705-1279,Tucson,Pima,AZ,US,US/Mountain
85706-3138,Tucson,Pima,AZ,US,US/Mountain
85706-3232,Tucson,Pima,AZ,US,US/Mountain
85730-2326,Tucson,Pima,AZ,US,US/Mountain
85737-9301,Tucson,Pima,AZ,US,US/Mountain
85741-2754,Tucson,Pima,AZ,US,US/Mountain
85741-3530,Tucson,Pima,AZ,US,US/Mountain
85757-8542,Tucson,Pima,AZ,US,US/Mountain
87106-3808,Albuquerque,Bernalillo,NM,US,US/Mountain
87107,Albuquerque,Bernalillo,NM,US,US/Mountain
87108-3023,Albuquerque,Bernalillo,NM,US,US/Mountain
87110-6949,Albuquerque,Bernalillo,NM,US,US/Mountain
87121-6458,Albuquerque,Bernalillo,NM,US,US/Mountain
97906-5034,Harper,Malheur,OR,US,US/Mountain
97914-4631,Ontario,Malheur,OR,US,US/Mountain
59041-9484,Joliet,Carbon,MT,US,US/Mountain
59648-8661,Wolf Creek,Lewis and Clark,MT,US,US/Mountain
79901-3049,El Paso,El Paso,TX,US,US/Mountain
79902-2157,El Paso,El Paso,TX,US,US/Mountain
79904-3705,El Paso,El Paso,TX,US,US/Mountain
79915-2037,El Paso,El Paso,TX,US,US/Mountain
80123-6743,Littleton,Arapahoe,CO,US,US/Mountain
80220-4518,Denver,Denver,CO,US,US/Mountain
80238-3110,Denver,Denver,CO,US,US/Mountain
80239-5052,Denver,Denver,CO,US,US/Mountain
80301-1002,Boulder,Boulder,CO,US,US/Mountain
80433-6403,Conifer,Jefferson,CO,US,US/Mountain
80917-3641,Colorado Springs,El Paso,CO,US,US/Mountain
82935,Green River,Sweetwater,WY,US,US/Mountain
82938,Mc Kinnon,Sweetwater,WY,US,US/Mountain
83467-5079,Salmon,Lemhi,ID,US,US/Mountain
84015-8528,Clearfield,Davis,UT,US,US/Mountain
84078-4537,Vernal,Uintah,UT,US,US/Mountain
84087-1604,Woods Cross,Davis,UT,US,US/Mountain
84088-8918,West Jordan,Salt Lake,UT,US,US/Mountain
84088-9454,West Jordan,Salt Lake,UT,US,US/Mountain
84098,Park City,Summit,UT,US,US/Mountain
84101-2310,Salt Lake City,Salt Lake,UT,US,US/Mountain
84104-1027,Salt Lake City,Salt Lake,UT,US,US/Mountain
84106-3342,Salt Lake City,Salt Lake,UT,US,US/Mountain
84119-2210,West Valley City,Salt Lake,UT,US,US/Mountain
84121-3516,Salt Lake City,Salt Lake,UT,US,US/Mountain
84401-3806,Ogden,Weber,UT,US,US/Mountain
84404-6403,Ogden,Weber,UT,US,US/Mountain
84657,Sigurd,Sevier,UT,US,US/Mountain
84660-5000,Spanish Fork,Utah,UT,US,US/Mountain
85006-2017,Phoenix,Maricopa,AZ,US,US/Mountain
85006-2112,Phoenix,Maricopa,AZ,US,US/Mountain
85006-3249,Phoenix,Maricopa,AZ,US,US/Mountain
85006-3525,Phoenix,Maricopa,AZ,US,US/Mountain
85007-2210,Phoenix,Maricopa,AZ,US,US/Mountain
85007-2756,Phoenix,Maricopa,AZ,US,US/Mountain
85014-2807,Phoenix,Maricopa,AZ,US,US/Mountain
85015-5309,Phoenix,Maricopa,AZ,US,US/Mountain
85016-1307,Phoenix,Maricopa,AZ,US,US/Mountain
85019-2709,Phoenix,Maricopa,AZ,US,US/Mountain
85033-2735,Phoenix,Maricopa,AZ,US,US/Mountain
85033-2804,Phoenix,Maricopa,AZ,US,US/Mountain
85041-4119,Phoenix,Maricopa,AZ,US,US/Mountain
85120-9506,Apache Junction,Pinal,AZ,US,US/Mountain
85128,Coolidge,Pinal,AZ,US,US/Mountain
85209-4806,Mesa,Maricopa,AZ,US,US/Mountain
85226-2509,Chandler,Maricopa,AZ,US,US/Mountain
85233-1228,Gilbert,Maricopa,AZ,US,US/Mountain
85251,Phoenix,Maricopa,AZ,US,US/Mountain
85257-1718,Scottsdale,Maricopa,AZ,US,US/Mountain
85283-1830,Tempe,Maricopa,AZ,US,US/Mountain
85283-3519,Tempe,Maricopa,AZ,US,US/Mountain
85302-3148,Glendale,Maricopa,AZ,US,US/Mountain
85308-8205,Glendale,Maricopa,AZ,US,US/Mountain
85353-3310,Tolleson,Maricopa,AZ,US,US/Mountain
85616-8181,Huachuca City,Cochise,AZ,US,US/Mountain
85701-2042,Tucson,Pima,AZ,US,US/Mountain
85710-5306,Tucson,Pima,AZ,US,US/Mountain
85710-6431,Tucson,Pima,AZ,US,US/Mountain
85711-1535,Tucson,Pima,AZ,US,US/Mountain
85713-5933,Tucson,Pima,AZ,US,US/Mountain
85719-4701,Tucson,Pima,AZ,US,US/Mountain
85742-9588,Tucson,Pima,AZ,US,US/Mountain
85745-2034,Tucson,Pima,AZ,US,US/Mountain
87107-5223,Albuquerque,Bernalillo,NM,US,US/Mountain
87121-1153,Albuquerque,Bernalillo,NM,US,US/Mountain
97914-8561,Ontario,Malheur,OR,US,US/Mountain
59034,Hardin,Big Horn,MT,US,US/Mountain
59827-9705,Conner,Ravalli,MT,US,US/Mountain
79901-2704,El Paso,El Paso,TX,US,US/Mountain
79903-5221,El Paso,El Paso,TX,US,US/Mountain
79915-1822,El Paso,El Paso,TX,US,US/Mountain
79915-3624,El Paso,El Paso,TX,US,US/Mountain
79935-1309,El Paso,El Paso,TX,US,US/Mountain
79938-4771,El Paso,El Paso,TX,US,US/Mountain
80102-9020,Bennett,Adams,CO,US,US/Mountain
80203-1415,Denver,Denver,CO,US,US/Mountain
80204-3705,Denver,Denver,CO,US,US/Mountain
80205-2737,Denver,Denver,CO,US,US/Mountain
80211-2743,Denver,Denver,CO,US,US/Mountain
80218-3312,Denver,Denver,CO,US,US/Mountain
80219-2026,Denver,Denver,CO,US,US/Mountain
80219-2718,Denver,Denver,CO,US,US/Mountain
80220-1980,Denver,Denver,CO,US,US/Mountain
80220-4836,Denver,Denver,CO,US,US/Mountain
80401,Golden,Jefferson,CO,US,US/Mountain
80403-8001,Golden,Jefferson,CO,US,US/Mountain
80439-9762,Evergreen,Jefferson,CO,US,US/Mountain
80470-9309,Pine,Jefferson,CO,US,US/Mountain
80547,Timnath,Larimer,CO,US,US/Mountain
80742-9213,New Raymer,Weld,CO,US,US/Mountain
80903-4042,Colorado Springs,El Paso,CO,US,US/Mountain
80906-3713,Colorado Springs,El Paso,CO,US,US/Mountain
80908-4029,Colorado Springs,El Paso,CO,US,US/Mountain
80909-5919,Colorado Springs,El Paso,CO,US,US/Mountain
80918-4124,Colorado Springs,El Paso,CO,US,US/Mountain
82001,Cheyenne,Laramie,WY,US,US/Mountain
82601,Casper,Natrona,WY,US,US/Mountain
83687,Nampa,Canyon,ID,US,US/Mountain
84003-2531,American Fork,Utah,UT,US,US/Mountain
84015-8535,Clearfield,Davis,UT,US,US/Mountain
84070-3213,Sandy,Salt Lake,UT,US,US/Mountain
84103-1224,Salt Lake City,Salt Lake,UT,US,US/Mountain
84115-2501,Salt Lake City,Salt Lake,UT,US,US/Mountain
84115-2735,Salt Lake City,Salt Lake,UT,US,US/Mountain
84321-3921,Logan,Cache,UT,US,US/Mountain
84405-3503,Ogden,Weber,UT,US,US/Mountain
84606-6552,Provo,Utah,UT,US,US/Mountain
84660-5005,Spanish Fork,Utah,UT,US,US/Mountain
85006-3808,Phoenix,Maricopa,AZ,US,US/Mountain
85007-2513,Phoenix,Maricopa,AZ,US,US/Mountain
85007-3926,Phoenix,Maricopa,AZ,US,US/Mountain
85009-1918,Phoenix,Maricopa,AZ,US,US/Mountain
85015-2720,Phoenix,Maricopa,AZ,US,US/Mountain
85017-4732,Phoenix,Maricopa,AZ,US,US/Mountain
85018-6461,Phoenix,Maricopa,AZ,US,US/Mountain
85031-1851,Phoenix,Maricopa,AZ,US,US/Mountain
85033-2333,Phoenix,Maricopa,AZ,US,US/Mountain
85033-3628,Phoenix,Maricopa,AZ,US,US/Mountain
85041-4712,Phoenix,Maricopa,AZ,US,US/Mountain
85042-4521,Phoenix,Maricopa,AZ,US,US/Mountain
85051-3377,Phoenix,Maricopa,AZ,US,US/Mountain
85087-8633,New River,Maricopa,AZ,US,US/Mountain
85201-1115,Mesa,Maricopa,AZ,US,US/Mountain
85204-7116,Mesa,Maricopa,AZ,US,US/Mountain
85225-6929,Chandler,Maricopa,AZ,US,US/Mountain
85286-6518,Chandler,Maricopa,AZ,US,US/Mountain
85302-4447,Glendale,Maricopa,AZ,US,US/Mountain
85302-6330,Glendale,Maricopa,AZ,US,US/Mountain
85304-1947,Glendale,Maricopa,AZ,US,US/Mountain
85326-4653,Buckeye,Maricopa,AZ,US,US/Mountain
85339,Laveen,Pinal,AZ,US,US/Mountain
85345-6442,Peoria,Maricopa,AZ,US,US/Mountain
85541-4936,Payson,Gila,AZ,US,US/Mountain
85705-1854,Tucson,Pima,AZ,US,US/Mountain
85706-5922,Tucson,Pima,AZ,US,US/Mountain
85710-6327,Tucson,Pima,AZ,US,US/Mountain
85715-3431,Tucson,Pima,AZ,US,US/Mountain
85716-4148,Tucson,Pima,AZ,US,US/Mountain
85719-3111,Tucson,Pima,AZ,US,US/Mountain
85741-3036,Tucson,Pima,AZ,US,US/Mountain
85928,Heber,Coconino,AZ,US,US/Mountain
87102-3424,Albuquerque,Bernalillo,NM,US,US/Mountain
87108-1156,Albuquerque,Bernalillo,NM,US,US/Mountain
88120,Grady,Quay,NM,US,US/Mountain
59823-9557,Greenough,Missoula,MT,US,US/Mountain
79903-4434,El Paso,El Paso,TX,US,US/Mountain
79904-6105,El Paso,El Paso,TX,US,US/Mountain
79907-5114,El Paso,El Paso,TX,US,US/Mountain
79924-3429,El Paso,El Paso,TX,US,US/Mountain
79925-1001,El Paso,El Paso,TX,US,US/Mountain
79925-7051,El Paso,El Paso,TX,US,US/Mountain
79928-5238,El Paso,El Paso,TX,US,US/Mountain
79930-3818,El Paso,El Paso,TX,US,US/Mountain
79935-3700,El Paso,El Paso,TX,US,US/Mountain
80205-2914,Denver,Denver,CO,US,US/Mountain
80206-2563,Denver,Denver,CO,US,US/Mountain
80210-4328,Denver,Denver,CO,US,US/Mountain
80215-1526,Lakewood,Jefferson,CO,US,US/Mountain
80219-1909,Denver,Denver,CO,US,US/Mountain
80222-6238,Denver,Arapahoe,CO,US,US/Mountain
80223-2539,Denver,Denver,CO,US,US/Mountain
80465-2009,Morrison,Jefferson,CO,US,US/Mountain
80549-1702,Wellington,Larimer,CO,US,US/Mountain
80903-1802,Colorado Springs,El Paso,CO,US,US/Mountain
80917-1547,Colorado Springs,El Paso,CO,US,US/Mountain
81004-2935,Pueblo,Pueblo,CO,US,US/Mountain
81122-9616,Bayfield,La Plata,CO,US,US/Mountain
82051-9608,Bosler,Albany,WY,US,US/Mountain
83347,Paul,Lincoln,ID,US,US/Mountain
83660-7256,Parma,Canyon,ID,US,US/Mountain
84042,Lindon,Utah,UT,US,US/Mountain
84044-1315,Magna,Salt Lake,UT,US,US/Mountain
84095-8445,South Jordan,Salt Lake,UT,US,US/Mountain
84107-4801,Salt Lake City,Salt Lake,UT,US,US/Mountain
84107-7219,Salt Lake City,Salt Lake,UT,US,US/Mountain
84115-3617,Salt Lake City,Salt Lake,UT,US,US/Mountain
84118-7453,Salt Lake City,Salt Lake,UT,US,US/Mountain
84129-1460,Taylorsville,Salt Lake,UT,US,US/Mountain
84302-1804,Brigham City,Box Elder,UT,US,US/Mountain
84401-1931,Ogden,Weber,UT,US,US/Mountain
84648,Nephi,Juab,UT,US,US/Mountain
84663-1055,Springville,Utah,UT,US,US/Mountain
85006-3068,Phoenix,Maricopa,AZ,US,US/Mountain
85006-3921,Phoenix,Maricopa,AZ,US,US/Mountain
85007-1716,Phoenix,Maricopa,AZ,US,US/Mountain
85008-6035,Phoenix,Maricopa,AZ,US,US/Mountain
85009-5934,Phoenix,Maricopa,AZ,US,US/Mountain
85013-3032,Phoenix,Maricopa,AZ,US,US/Mountain
85014-5447,Phoenix,Maricopa,AZ,US,US/Mountain
85022-2902,Phoenix,Maricopa,AZ,US,US/Mountain
85029-5824,Phoenix,Maricopa,AZ,US,US/Mountain
85043-3541,Phoenix,Maricopa,AZ,US,US/Mountain
85051-6855,Phoenix,Maricopa,AZ,US,US/Mountain
85208-2661,Mesa,Maricopa,AZ,US,US/Mountain
85224-1470,Chandler,Maricopa,AZ,US,US/Mountain
85224-3491,Chandler,Maricopa,AZ,US,US/Mountain
85233-7576,Gilbert,Maricopa,AZ,US,US/Mountain
85256,Scottsdale,Maricopa,AZ,US,US/Mountain
85283-2460,Tempe,Maricopa,AZ,US,US/Mountain
85286-1294,Chandler,Maricopa,AZ,US,US/Mountain
85345-7238,Peoria,Maricopa,AZ,US,US/Mountain
85705-5604,Tucson,Pima,AZ,US,US/Mountain
85710-7265,Tucson,Pima,AZ,US,US/Mountain
85712-3522,Tucson,Pima,AZ,US,US/Mountain
85718-3053,Tucson,Pima,AZ,US,US/Mountain
85719-5440,Tucson,Pima,AZ,US,US/Mountain
85746-7999,Tucson,Pima,AZ,US,US/Mountain
85756-5275,Tucson,Pima,AZ,US,US/Mountain
85756-7016,Tucson,Pima,AZ,US,US/Mountain
85756-8632,Tucson,Pima,AZ,US,US/Mountain
86333-6006,Mayer,Yavapai,AZ,US,US/Mountain
87105-2848,Albuquerque,Bernalillo,NM,US,US/Mountain
87120,Albuquerque,Bernalillo,NM,US,US/Mountain
88424,Grenville,Union,NM,US,US/Mountain
89029-1518,Laughlin,Clark,NV,US,US/Mountain
97840,Oxbow,Baker,OR,US,US/Mountain
59047,Livingston,Park,MT,US,US/Mountain
79903-1710,El Paso,El Paso,TX,US,US/Mountain
79906-5303,El Paso,El Paso,TX,US,US/Mountain
79924-4300,El Paso,El Paso,TX,US,US/Mountain
79936-0289,El Paso,El Paso,TX,US,US/Mountain
80026,Lafayette,Boulder,CO,US,US/Mountain
80102-8743,Bennett,Arapahoe,CO,US,US/Mountain
80203-1217,Denver,Denver,CO,US,US/Mountain
80203-4049,Denver,Denver,CO,US,US/Mountain
80206-3102,Denver,Denver,CO,US,US/Mountain
80209-2804,Denver,Denver,CO,US,US/Mountain
80210-2424,Denver,Denver,CO,US,US/Mountain
80215-6641,Wheat Ridge,Jefferson,CO,US,US/Mountain
80219-5904,Denver,Denver,CO,US,US/Mountain
80239-4993,Denver,Denver,CO,US,US/Mountain
80303-2914,Boulder,Boulder,CO,US,US/Mountain
80535,Laporte,Larimer,CO,US,US/Mountain
80909-5702,Colorado Springs,El Paso,CO,US,US/Mountain
80910-3120,Colorado Springs,El Paso,CO,US,US/Mountain
80915-2811,Colorado Springs,El Paso,CO,US,US/Mountain
80916,Colorado Springs,El Paso,CO,US,US/Mountain
80917-1364,Colorado Springs,El Paso,CO,US,US/Mountain
83452,Tetonia,Teton,ID,US,US/Mountain
83650-5041,Murphy,Owyhee,ID,US,US/Mountain
83660,Parma,Canyon,ID,US,US/Mountain
84003-2720,American Fork,Utah,UT,US,US/Mountain
84020-8154,Draper,Salt Lake,UT,US,US/Mountain
84032-2241,Heber City,Wasatch,UT,US,US/Mountain
84043-4156,Lehi,Utah,UT,US,US/Mountain
84044-1411,Magna,Salt Lake,UT,US,US/Mountain
84088-5562,West Jordan,Salt Lake,UT,US,US/Mountain
84105-3614,Salt Lake City,Salt Lake,UT,US,US/Mountain
84107-7238,Salt Lake City,Salt Lake,UT,US,US/Mountain
84108-2322,Salt Lake City,Salt Lake,UT,US,US/Mountain
84401-0400,Ogden,Weber,UT,US,US/Mountain
84404-5743,Ogden,Weber,UT,US,US/Mountain
84414-7234,Ogden,Weber,UT,US,US/Mountain
84606-4714,Provo,Utah,UT,US,US/Mountain
85008-2300,Phoenix,Maricopa,AZ,US,US/Mountain
85014-3703,Phoenix,Maricopa,AZ,US,US/Mountain
85015-4406,Phoenix,Maricopa,AZ,US,US/Mountain
85027-2711,Phoenix,Maricopa,AZ,US,US/Mountain
85028-2048,Phoenix,Maricopa,AZ,US,US/Mountain
85032,Phoenix,Maricopa,AZ,US,US/Mountain
85033-2905,Phoenix,Maricopa,AZ,US,US/Mountain
85035-4937,Phoenix,Maricopa,AZ,US,US/Mountain
85037-2027,Phoenix,Maricopa,AZ,US,US/Mountain
85043-2111,Phoenix,Maricopa,AZ,US,US/Mountain
85206-2641,Mesa,Maricopa,AZ,US,US/Mountain
85213-5508,Mesa,Maricopa,AZ,US,US/Mountain
85224-5809,Chandler,Maricopa,AZ,US,US/Mountain
85233-7160,Gilbert,Maricopa,AZ,US,US/Mountain
85254,Scottsdale,Maricopa,AZ,US,US/Mountain
85257-4418,Scottsdale,Maricopa,AZ,US,US/Mountain
85281-2427,Tempe,Maricopa,AZ,US,US/Mountain
85282-5851,Tempe,Maricopa,AZ,US,US/Mountain
85301-6002,Glendale,Maricopa,AZ,US,US/Mountain
85361-5202,Wittmann,Maricopa,AZ,US,US/Mountain
85546-7815,Safford,Graham,AZ,US,US/Mountain
85705-9324,Tucson,Pima,AZ,US,US/Mountain
85710-5107,Tucson,Pima,AZ,US,US/Mountain
85710-5831,Tucson,Pima,AZ,US,US/Mountain
85711-1505,Tucson,Pima,AZ,US,US/Mountain
85713-5023,Tucson,Pima,AZ,US,US/Mountain
85713-6047,Tucson,Pima,AZ,US,US/Mountain
85713-6077,Tucson,Pima,AZ,US,US/Mountain
85742-9028,Tucson,Pima,AZ,US,US/Mountain
85743-9361,Tucson,Pima,AZ,US,US/Mountain
85748-7436,Tucson,Pima,AZ,US,US/Mountain
86034,Keams Canyon,Navajo,AZ,US,US/Mountain
86334,Paulden,Yavapai,AZ,US,US/Mountain
97918-5065,Vale,Malheur,OR,US,US/Mountain
69339,Crawford,Dawes,NE,US,US/Mountain
79902-5505,El Paso,El Paso,TX,US,US/Mountain
79902-5701,El Paso,El Paso,TX,US,US/Mountain
79904-5305,El Paso,El Paso,TX,US,US/Mountain
79907-5214,El Paso,El Paso,TX,US,US/Mountain
79924,El Paso,El Paso,TX,US,US/Mountain
79925-1212,El Paso,El Paso,TX,US,US/Mountain
79927-5012,Socorro,El Paso,TX,US,US/Mountain
80102-8530,Bennett,Arapahoe,CO,US,US/Mountain
80120,Littleton,Arapahoe,CO,US,US/Mountain
80120-3132,Littleton,Arapahoe,CO,US,US/Mountain
80202-3209,Denver,Denver,CO,US,US/Mountain
80206-3405,Denver,Denver,CO,US,US/Mountain
80209-2212,Denver,Denver,CO,US,US/Mountain
80210-2603,Denver,Denver,CO,US,US/Mountain
80218,Denver,Denver,CO,US,US/Mountain
80220-1918,Denver,Denver,CO,US,US/Mountain
80230-7064,Denver,Denver,CO,US,US/Mountain
80231-4904,Denver,Denver,CO,US,US/Mountain
80249,Denver,Adams,CO,US,US/Mountain
80430-8046,Walden,Jackson,CO,US,US/Mountain
80435,Dillon,Summit,CO,US,US/Mountain
80917-2103,Colorado Springs,El Paso,CO,US,US/Mountain
81621-8332,Basalt,Eagle,CO,US,US/Mountain
81625-1202,Craig,Moffat,CO,US,US/Mountain
82636,Evansville,Natrona,WY,US,US/Mountain
83642-5933,Meridian,Ada,ID,US,US/Mountain
84003-2587,American Fork,Utah,UT,US,US/Mountain
84010-7016,Bountiful,Davis,UT,US,US/Mountain
84020-9682,Draper,Salt Lake,UT,US,US/Mountain
84032-9604,Heber City,Wasatch,UT,US,US/Mountain
84088-9035,West Jordan,Salt Lake,UT,US,US/Mountain
84088-9221,West Jordan,Salt Lake,UT,US,US/Mountain
84107-2728,Salt Lake City,Salt Lake,UT,US,US/Mountain
84109-2729,Salt Lake City,Salt Lake,UT,US,US/Mountain
84401-0249,Ogden,Weber,UT,US,US/Mountain
84401-0957,Ogden,Weber,UT,US,US/Mountain
84401-1940,Ogden,Weber,UT,US,US/Mountain
84403-1827,Ogden,Weber,UT,US,US/Mountain
84511,Blanding,San Juan,UT,US,US/Mountain
85009-4901,Phoenix,Maricopa,AZ,US,US/Mountain
85020-1838,Phoenix,Maricopa,AZ,US,US/Mountain
85021-6803,Phoenix,Maricopa,AZ,US,US/Mountain
85021-7729,Phoenix,Maricopa,AZ,US,US/Mountain
85029-5203,Phoenix,Maricopa,AZ,US,US/Mountain
85032-5836,Phoenix,Maricopa,AZ,US,US/Mountain
85042-7976,Phoenix,Maricopa,AZ,US,US/Mountain
85051-3929,Phoenix,Maricopa,AZ,US,US/Mountain
85203-1100,Mesa,Maricopa,AZ,US,US/Mountain
85206-3702,Mesa,Maricopa,AZ,US,US/Mountain
85224-4912,Chandler,Maricopa,AZ,US,US/Mountain
85253-2918,Paradise Valley,Maricopa,AZ,US,US/Mountain
85254-2411,Scottsdale,Maricopa,AZ,US,US/Mountain
85283-3283,Tempe,Maricopa,AZ,US,US/Mountain
85301-2135,Glendale,Maricopa,AZ,US,US/Mountain
85302-3631,Glendale,Maricopa,AZ,US,US/Mountain
85302-5818,Glendale,Maricopa,AZ,US,US/Mountain
85303-2703,Glendale,Maricopa,AZ,US,US/Mountain
85321-9782,Ajo,Pima,AZ,US,US/Mountain
85345-5917,Peoria,Maricopa,AZ,US,US/Mountain
85543-9996,Pima,Graham,AZ,US,US/Mountain
85648,Rio Rico,Santa Cruz,AZ,US,US/Mountain
85704-3750,Tucson,Pima,AZ,US,US/Mountain
85705-1074,Tucson,Pima,AZ,US,US/Mountain
85705-5641,Tucson,Pima,AZ,US,US/Mountain
85706-5838,Tucson,Pima,AZ,US,US/Mountain
85713-1804,Tucson,Pima,AZ,US,US/Mountain
85718-6137,Tucson,Pima,AZ,US,US/Mountain
85719-1806,Tucson,Pima,AZ,US,US/Mountain
85730-2408,Tucson,Pima,AZ,US,US/Mountain
85747-5525,Tucson,Pima,AZ,US,US/Mountain
86301-3120,Prescott,Yavapai,AZ,US,US/Mountain
88348-9608,San Patricio,Lincoln,NM,US,US/Mountain
59330,Glendive,Dawson,MT,US,US/Mountain
79849-7459,San Elizario,El Paso,TX,US,US/Mountain
79907-6021,El Paso,El Paso,TX,US,US/Mountain
79925-1115,El Paso,El Paso,TX,US,US/Mountain
79925-1416,El Paso,El Paso,TX,US,US/Mountain
79932,El Paso,El Paso,TX,US,US/Mountain
79936-7604,El Paso,El Paso,TX,US,US/Mountain
80019,Aurora,Adams,CO,US,US/Mountain
80022-3138,Commerce City,Adams,CO,US,US/Mountain
80210-1617,Denver,Denver,CO,US,US/Mountain
80211-3216,Denver,Denver,CO,US,US/Mountain
80211-4523,Denver,Denver,CO,US,US/Mountain
80212-7059,Wheat Ridge,Jefferson,CO,US,US/Mountain
80229-4026,Thornton,Adams,CO,US,US/Mountain
80538-9240,Loveland,Larimer,CO,US,US/Mountain
80550-3112,Windsor,Weld,CO,US,US/Mountain
80757,Woodrow,Washington,CO,US,US/Mountain
80829-2426,Manitou Springs,El Paso,CO,US,US/Mountain
80904-2428,Colorado Springs,El Paso,CO,US,US/Mountain
80911,Colorado Springs,El Paso,CO,US,US/Mountain
84057-2811,Orem,Utah,UT,US,US/Mountain
84057-6101,Orem,Utah,UT,US,US/Mountain
84102-2911,Salt Lake City,Salt Lake,UT,US,US/Mountain
84107-7375,Salt Lake City,Salt Lake,UT,US,US/Mountain
84113-5027,Salt Lake City,Salt Lake,UT,US,US/Mountain
84302-3772,Brigham City,Box Elder,UT,US,US/Mountain
84401-9866,West Haven,Weber,UT,US,US/Mountain
85003,Phoenix,Maricopa,AZ,US,US/Mountain
85007-2930,Phoenix,Maricopa,AZ,US,US/Mountain
85007-3715,Phoenix,Maricopa,AZ,US,US/Mountain
85009-1707,Phoenix,Maricopa,AZ,US,US/Mountain
85009-3534,Phoenix,Maricopa,AZ,US,US/Mountain
85013-3006,Phoenix,Maricopa,AZ,US,US/Mountain
85014-1503,Phoenix,Maricopa,AZ,US,US/Mountain
85016-4501,Phoenix,Maricopa,AZ,US,US/Mountain
85016-8101,Phoenix,Maricopa,AZ,US,US/Mountain
85017-4252,Phoenix,Maricopa,AZ,US,US/Mountain
85031-3946,Phoenix,Maricopa,AZ,US,US/Mountain
85040-8711,Phoenix,Maricopa,AZ,US,US/Mountain
85043-3318,Phoenix,Maricopa,AZ,US,US/Mountain
85050-3223,Phoenix,Maricopa,AZ,US,US/Mountain
85201-3505,Mesa,Maricopa,AZ,US,US/Mountain
85234-3508,Gilbert,Maricopa,AZ,US,US/Mountain
85302-5017,Glendale,Maricopa,AZ,US,US/Mountain
85342-9883,Morristown,Maricopa,AZ,US,US/Mountain
85345-5901,Peoria,Maricopa,AZ,US,US/Mountain
85374-3995,Surprise,Maricopa,AZ,US,US/Mountain
85543-9579,Pima,Graham,AZ,US,US/Mountain
85706-4122,Tucson,Pima,AZ,US,US/Mountain
85710-5732,Tucson,Pima,AZ,US,US/Mountain
85711-1348,Tucson,Pima,AZ,US,US/Mountain
85712-1209,Tucson,Pima,AZ,US,US/Mountain
85712-3234,Tucson,Pima,AZ,US,US/Mountain
85719-4211,Tucson,Pima,AZ,US,US/Mountain
85730-1275,Tucson,Pima,AZ,US,US/Mountain
85743-9071,Tucson,Pima,AZ,US,US/Mountain
85745-3000,Tucson,Pima,AZ,US,US/Mountain
87107-3638,Albuquerque,Bernalillo,NM,US,US/Mountain
89029-1209,Laughlin,Clark,NV,US,US/Mountain
58601,Dickinson,Stark,ND,US,US/Mountain
59901-8613,Kalispell,Flathead,MT,US,US/Mountain
79902-4231,El Paso,El Paso,TX,US,US/Mountain
79905-1709,El Paso,El Paso,TX,US,US/Mountain
79905-3330,El Paso,El Paso,TX,US,US/Mountain
79936-2008,El Paso,El Paso,TX,US,US/Mountain
79936-5759,El Paso,El Paso,TX,US,US/Mountain
79936-7912,El Paso,El Paso,TX,US,US/Mountain
80002-1816,Arvada,Jefferson,CO,US,US/Mountain
80016-3001,Centennial,Arapahoe,CO,US,US/Mountain
80020-1847,Broomfield,Broomfield,CO,US,US/Mountain
80204-4317,Denver,Denver,CO,US,US/Mountain
80205-2201,Denver,Denver,CO,US,US/Mountain
80216-3573,Denver,Denver,CO,US,US/Mountain
80223-3867,Denver,Denver,CO,US,US/Mountain
80229-7009,Denver,Adams,CO,US,US/Mountain
80239-5301,Denver,Adams,CO,US,US/Mountain
80737,Julesburg,Sedgwick,CO,US,US/Mountain
80904-4026,Colorado Springs,El Paso,CO,US,US/Mountain
80909-5621,Colorado Springs,El Paso,CO,US,US/Mountain
80915-3123,Colorado Springs,El Paso,CO,US,US/Mountain
81003-3717,Pueblo,Pueblo,CO,US,US/Mountain
81067-9512,Rocky Ford,Otero,CO,US,US/Mountain
81154-9834,South Fork,Rio Grande,CO,US,US/Mountain
82081,Meriden,Laramie,WY,US,US/Mountain
82639,Kaycee,Johnson,WY,US,US/Mountain
84010-8727,Bountiful,Davis,UT,US,US/Mountain
84028-9716,Garden City,Rich,UT,US,US/Mountain
84043-2845,Lehi,Utah,UT,US,US/Mountain
84058-5422,Orem,Utah,UT,US,US/Mountain
84060-7302,Park City,Summit,UT,US,US/Mountain
84067-2915,Roy,Weber,UT,US,US/Mountain
84087-1670,Woods Cross,Davis,UT,US,US/Mountain
84104-4117,Salt Lake City,Salt Lake,UT,US,US/Mountain
84107-3955,Salt Lake City,Salt Lake,UT,US,US/Mountain
84116-2708,Salt Lake City,Salt Lake,UT,US,US/Mountain
84118-4700,Salt Lake City,Salt Lake,UT,US,US/Mountain
84119-3822,West Valley City,Salt Lake,UT,US,US/Mountain
84401-2739,Ogden,Weber,UT,US,US/Mountain
84401-9649,West Haven,Weber,UT,US,US/Mountain
84657-7778,Sigurd,Sevier,UT,US,US/Mountain
85004-1818,Phoenix,Maricopa,AZ,US,US/Mountain
85009-4560,Phoenix,Maricopa,AZ,US,US/Mountain
85009-5244,Phoenix,Maricopa,AZ,US,US/Mountain
85009-6610,Phoenix,Maricopa,AZ,US,US/Mountain
85016-7508,Phoenix,Maricopa,AZ,US,US/Mountain
85035-4535,Phoenix,Maricopa,AZ,US,US/Mountain
85043-3521,Phoenix,Maricopa,AZ,US,US/Mountain
85204-2110,Mesa,Maricopa,AZ,US,US/Mountain
85204-5142,Mesa,Maricopa,AZ,US,US/Mountain
85234-3708,Gilbert,Maricopa,AZ,US,US/Mountain
85284-1552,Tempe,Maricopa,AZ,US,US/Mountain
85301-4035,Glendale,Maricopa,AZ,US,US/Mountain
85301-4616,Glendale,Maricopa,AZ,US,US/Mountain
85301-5403,Glendale,Maricopa,AZ,US,US/Mountain
85303-5201,Glendale,Maricopa,AZ,US,US/Mountain
85323-5309,Avondale,Maricopa,AZ,US,US/Mountain
85339-1812,Laveen,Maricopa,AZ,US,US/Mountain
85364-8544,Yuma,Yuma,AZ,US,US/Mountain
85374,Surprise,Maricopa,AZ,US,US/Mountain
85383-5606,Peoria,Maricopa,AZ,US,US/Mountain
85392-5648,Avondale,Maricopa,AZ,US,US/Mountain
85701-1835,Tucson,Pima,AZ,US,US/Mountain
85713,Tucson,Pima,AZ,US,US/Mountain
85713-5466,Tucson,Pima,AZ,US,US/Mountain
85716-2011,Tucson,Pima,AZ,US,US/Mountain
85716-4822,Tucson,Pima,AZ,US,US/Mountain
85719-3665,Tucson,Pima,AZ,US,US/Mountain
85730-1107,Tucson,Pima,AZ,US,US/Mountain
85749-9125,Tucson,Pima,AZ,US,US/Mountain
87045,Prewitt,McKinley,NM,US,US/Mountain
87104-1403,Albuquerque,Bernalillo,NM,US,US/Mountain
87111,Albuquerque,Bernalillo,NM,US,US/Mountain
59632,Boulder,Jefferson,MT,US,US/Mountain
79904-1310,El Paso,El Paso,TX,US,US/Mountain
79907-5917,El Paso,El Paso,TX,US,US/Mountain
79938-8016,El Paso,El Paso,TX,US,US/Mountain
80031-4117,Westminster,Adams,CO,US,US/Mountain
80202-2602,Denver,Denver,CO,US,US/Mountain
80204-1507,Denver,Denver,CO,US,US/Mountain
80204-2365,Denver,Denver,CO,US,US/Mountain
80206-4628,Denver,Denver,CO,US,US/Mountain
80210-3015,Denver,Denver,CO,US,US/Mountain
80219-2938,Denver,Denver,CO,US,US/Mountain
80220-1129,Denver,Denver,CO,US,US/Mountain
80224,Denver,Denver,CO,US,US/Mountain
80229-6506,Denver,Adams,CO,US,US/Mountain
80232-5633,Lakewood,Jefferson,CO,US,US/Mountain
80446,Granby,Grand,CO,US,US/Mountain
80610-9711,Ault,Weld,CO,US,US/Mountain
80640-8924,Henderson,Adams,CO,US,US/Mountain
80651-9111,Platteville,Weld,CO,US,US/Mountain
80805-9601,Bethune,Kit Carson,CO,US,US/Mountain
80909-4925,Colorado Springs,El Paso,CO,US,US/Mountain
83313-5116,Bellevue,Blaine,ID,US,US/Mountain
83352-5300,Shoshone,Lincoln,ID,US,US/Mountain
84015-8338,Clearfield,Davis,UT,US,US/Mountain
84070-2610,Sandy,Salt Lake,UT,US,US/Mountain
84095-8202,South Jordan,Salt Lake,UT,US,US/Mountain
84107-2641,Salt Lake City,Salt Lake,UT,US,US/Mountain
84107-3048,Salt Lake City,Salt Lake,UT,US,US/Mountain
84302-3719,Brigham City,Box Elder,UT,US,US/Mountain
84627,Ephraim,Sanpete,UT,US,US/Mountain
84701-2272,Richfield,Sevier,UT,US,US/Mountain
84721-5405,Cedar City,Iron,UT,US,US/Mountain
84761-7707,Parowan,Iron,UT,US,US/Mountain
84770-3305,Saint George,Washington,UT,US,US/Mountain
85009-3404,Phoenix,Maricopa,AZ,US,US/Mountain
85015,Phoenix,Maricopa,AZ,US,US/Mountain
85020-2506,Phoenix,Maricopa,AZ,US,US/Mountain
85022-5823,Phoenix,Maricopa,AZ,US,US/Mountain
85023-2528,Phoenix,Maricopa,AZ,US,US/Mountain
85042-6947,Phoenix,Maricopa,AZ,US,US/Mountain
85086-9334,Phoenix,Maricopa,AZ,US,US/Mountain
85251-6012,Scottsdale,Maricopa,AZ,US,US/Mountain
85301-5508,Glendale,Maricopa,AZ,US,US/Mountain
85302-3001,Glendale,Maricopa,AZ,US,US/Mountain
85303-2502,Glendale,Maricopa,AZ,US,US/Mountain
85323-2011,Avondale,Maricopa,AZ,US,US/Mountain
85323-2425,Avondale,Maricopa,AZ,US,US/Mountain
85353-2318,Tolleson,Maricopa,AZ,US,US/Mountain
85711-3325,Tucson,Pima,AZ,US,US/Mountain
85712-2735,Tucson,Pima,AZ,US,US/Mountain
85713-2729,Tucson,Pima,AZ,US,US/Mountain
85718-4813,Tucson,Pima,AZ,US,US/Mountain
85718-6502,Tucson,Pima,AZ,US,US/Mountain
87102-1322,Albuquerque,Bernalillo,NM,US,US/Mountain
87110-2952,Albuquerque,Bernalillo,NM,US,US/Mountain
87116,Albuquerque,Bernalillo,NM,US,US/Mountain
87121-2096,Albuquerque,Bernalillo,NM,US,US/Mountain
57543,Kadoka,Jackson,SD,US,US/Mountain
59823,Bonner,Missoula,MT,US,US/Mountain
79905-1206,El Paso,El Paso,TX,US,US/Mountain
79905-5341,El Paso,El Paso,TX,US,US/Mountain
79924-3803,El Paso,El Paso,TX,US,US/Mountain
79925-2034,El Paso,El Paso,TX,US,US/Mountain
80120-1034,Littleton,Arapahoe,CO,US,US/Mountain
80120-2333,Littleton,Arapahoe,CO,US,US/Mountain
80204-4435,Denver,Denver,CO,US,US/Mountain
80210-4119,Denver,Denver,CO,US,US/Mountain
80211-3611,Denver,Denver,CO,US,US/Mountain
80223-2102,Denver,Denver,CO,US,US/Mountain
80246-8110,Denver,Denver,CO,US,US/Mountain
80731,Haxtun,Logan,CO,US,US/Mountain
80751-8721,Sterling,Logan,CO,US,US/Mountain
80810-9500,Cheyenne Wells,Cheyenne,CO,US,US/Mountain
80821-9104,Hugo,Lincoln,CO,US,US/Mountain
80905-2209,Colorado Springs,El Paso,CO,US,US/Mountain
80907-7603,Colorado Springs,El Paso,CO,US,US/Mountain
80915-1619,Colorado Springs,El Paso,CO,US,US/Mountain
84015-2241,Clearfield,Davis,UT,US,US/Mountain
84040-7710,Layton,Davis,UT,US,US/Mountain
84078-4125,Vernal,Uintah,UT,US,US/Mountain
84095-9325,South Jordan,Salt Lake,UT,US,US/Mountain
84107-2638,Salt Lake City,Salt Lake,UT,US,US/Mountain
84115-3138,Salt Lake City,Salt Lake,UT,US,US/Mountain
84118-7594,Salt Lake City,Salt Lake,UT,US,US/Mountain
84302-3763,Brigham City,Box Elder,UT,US,US/Mountain
84401-4107,Ogden,Weber,UT,US,US/Mountain
84405-4074,Ogden,Weber,UT,US,US/Mountain
84405-6823,Ogden,Weber,UT,US,US/Mountain
84405-7121,Ogden,Weber,UT,US,US/Mountain
84414-7206,Ogden,Weber,UT,US,US/Mountain
84532,Moab,Grand,UT,US,US/Mountain
84604-3409,Provo,Utah,UT,US,US/Mountain
85008-2402,Phoenix,Maricopa,AZ,US,US/Mountain
85008-6312,Phoenix,Maricopa,AZ,US,US/Mountain
85009-4190,Phoenix,Maricopa,AZ,US,US/Mountain
85020-5047,Phoenix,Maricopa,AZ,US,US/Mountain
85021-2942,Phoenix,Maricopa,AZ,US,US/Mountain
85029-5024,Phoenix,Maricopa,AZ,US,US/Mountain
85031-3521,Phoenix,Maricopa,AZ,US,US/Mountain
85037-5132,Phoenix,Maricopa,AZ,US,US/Mountain
85037-5913,Phoenix,Maricopa,AZ,US,US/Mountain
85042-4656,Phoenix,Maricopa,AZ,US,US/Mountain
85044-1631,Phoenix,Maricopa,AZ,US,US/Mountain
85051-1024,Phoenix,Maricopa,AZ,US,US/Mountain
85203-4922,Mesa,Maricopa,AZ,US,US/Mountain
85248-4515,Chandler,Maricopa,AZ,US,US/Mountain
85251-6829,Scottsdale,Maricopa,AZ,US,US/Mountain
85255-3461,Scottsdale,Maricopa,AZ,US,US/Mountain
85281-4753,Tempe,Maricopa,AZ,US,US/Mountain
85282-1641,Tempe,Maricopa,AZ,US,US/Mountain
85301-2733,Glendale,Maricopa,AZ,US,US/Mountain
85301-4069,Glendale,Maricopa,AZ,US,US/Mountain
85323-1655,Avondale,Maricopa,AZ,US,US/Mountain
85351-2717,Sun City,Maricopa,AZ,US,US/Mountain
85701-2606,Tucson,Pima,AZ,US,US/Mountain
85705-1935,Tucson,Pima,AZ,US,US/Mountain
85705-9330,Tucson,Pima,AZ,US,US/Mountain
85710-7333,Tucson,Pima,AZ,US,US/Mountain
85711-3813,Tucson,Pima,AZ,US,US/Mountain
85711-5127,Tucson,Pima,AZ,US,US/Mountain
85712-5037,Tucson,Pima,AZ,US,US/Mountain
85719-1541,Tucson,Pima,AZ,US,US/Mountain
85742-8109,Tucson,Pima,AZ,US,US/Mountain
85745-9651,Tucson,Pima,AZ,US,US/Mountain
85748-1959,Tucson,Pima,AZ,US,US/Mountain
85756-3050,Tucson,Pima,AZ,US,US/Mountain
86301,Prescott,Yavapai,AZ,US,US/Mountain
87109-2307,Albuquerque,Bernalillo,NM,US,US/Mountain
87110,Albuquerque,Bernalillo,NM,US,US/Mountain
87111-6223,Albuquerque,Bernalillo,NM,US,US/Mountain
97108-9779,Beaver,Tillamook,OR,US,US/Mountain
79903-4508,El Paso,El Paso,TX,US,US/Mountain
79904-2120,El Paso,El Paso,TX,US,US/Mountain
79915-4810,El Paso,El Paso,TX,US,US/Mountain
79936-0602,El Paso,El Paso,TX,US,US/Mountain
80013-3649,Aurora,Arapahoe,CO,US,US/Mountain
80033-6702,Wheat Ridge,Jefferson,CO,US,US/Mountain
80205-4863,Denver,Denver,CO,US,US/Mountain
80206-1319,Denver,Denver,CO,US,US/Mountain
80218-1139,Denver,Denver,CO,US,US/Mountain
80222-7026,Denver,Arapahoe,CO,US,US/Mountain
80224-1317,Denver,Denver,CO,US,US/Mountain
80229-2934,Thornton,Adams,CO,US,US/Mountain
80231-3421,Denver,Arapahoe,CO,US,US/Mountain
80601-1606,Brighton,Adams,CO,US,US/Mountain
80904-2153,Colorado Springs,El Paso,CO,US,US/Mountain
80904-3948,Colorado Springs,El Paso,CO,US,US/Mountain
80906-2451,Colorado Springs,El Paso,CO,US,US/Mountain
80907-7423,Colorado Springs,El Paso,CO,US,US/Mountain
80909-1504,Colorado Springs,El Paso,CO,US,US/Mountain
81050-9767,La Junta,Otero,CO,US,US/Mountain
83672-5700,Weiser,Washington,ID,US,US/Mountain
